{"cameraMode":{"drawMode":0,"name":"Shaded","section":"Shading Mode"},"sceneLighting":true,"audioPlay":false,"sceneViewState":{"showFog":true,"showMaterialUpdate":false,"showSkybox":true,"showFlares":true,"showImageEffects":true,"showParticleSystems":true},"in2DMode":false,"pivot":{"x":-7774.56640625,"y":6114.212890625,"z":10923.3828125},"rotation":{"x":0.3235718011856079,"y":0.6402144432067871,"z":-0.34091466665267947,"w":0.6076406836509705},"size":189.86549377441407,"orthographic":false}