{"cameraMode":{"drawMode":0,"name":"Shaded","section":"Shading Mode"},"sceneLighting":false,"audioPlay":false,"sceneViewState":{"showFog":true,"showMaterialUpdate":false,"showSkybox":true,"showFlares":true,"showImageEffects":true,"showParticleSystems":true},"in2DMode":false,"pivot":{"x":-2775.841796875,"y":1360.93408203125,"z":11391.4892578125},"rotation":{"x":0.33614227175712588,"y":0.18433226644992829,"z":-0.06726859509944916,"w":0.9211609959602356},"size":85395.9453125,"orthographic":true}