{"cameraMode":{"drawMode":0,"name":"Shaded","section":"Shading Mode"},"sceneLighting":true,"audioPlay":false,"sceneViewState":{"showFog":true,"showMaterialUpdate":false,"showSkybox":true,"showFlares":true,"showImageEffects":true,"showParticleSystems":true},"in2DMode":false,"pivot":{"x":-7767.98046875,"y":6091.3359375,"z":11007.373046875},"rotation":{"x":-0.1393311470746994,"y":-0.8602336049079895,"z":0.33167657256126406,"w":-0.3613753914833069},"size":264.8742980957031,"orthographic":false}