{"cameraMode":{"drawMode":0,"name":"Shaded","section":"Shading Mode"},"sceneLighting":true,"audioPlay":false,"sceneViewState":{"showFog":true,"showMaterialUpdate":false,"showSkybox":true,"showFlares":true,"showImageEffects":true,"showParticleSystems":true},"in2DMode":false,"pivot":{"x":-7557.447265625,"y":6199.033203125,"z":10778.638671875},"rotation":{"x":-0.04929468780755997,"y":0.9369776248931885,"z":-0.1476631909608841,"w":-0.3127928376197815},"size":166.36712646484376,"orthographic":false}